Benchmark,Heuristic,Throughput,Error
intruder,baseline,1613719.063412,0.594085
intruder,h0,2920393.354485,0.001835
intruder,h1,2870055.782427,0.000000
vacation,baseline,833154.922870,0.072010
vacation,h0,908100.856560,0.126422
vacation,h1,935602.254569,0.285023
genome,baseline,1781924.464348,0.020752
genome,h0,1764727.479848,0.157173
genome,h1,1788936.259984,0.070711
ssca2,baseline,4763672.193546,0.012318
ssca2,h0,5113968.143510,4.071332
ssca2,h1,5073828.645808,0.974493
