Benchmark,Heuristic,Throughput,Error
intruder,baseline,1373356.888149,0.564750
intruder,dual,2135276.528244,0.428932
intruder,h0,2255431.240683,1.299422
intruder,h1,2266981.770410,0.139882
vacation,baseline,605503.077925,0.041460
vacation,dual,606512.430049,0.044771
vacation,h0,608074.298822,0.217034
vacation,h1,594846.730384,0.046483
genome,baseline,1184878.746393,0.615236
genome,dual,1160666.446733,0.456780
genome,h0,1091339.905062,0.847563
genome,h1,1106514.687241,0.158677
