Benchmark,Heuristic,Throughput,Error
intruder,baseline,1561358.547291,0.520626
intruder,dual,1674910.736747,0.000000
intruder,h0,2839890.191274,0.047199
intruder,h1,2943214.347405,0.130365
vacation,baseline,835536.671592,0.033811
vacation,dual,842965.265713,0.050475
vacation,h0,892466.960580,0.092077
vacation,h1,917964.497519,0.131928
genome,baseline,1705817.589306,0.028745
genome,dual,1629950.870714,0.036699
genome,h0,1816704.931902,0.315331
genome,h1,1822421.905789,0.116094
