Benchmark,Heuristic,Throughput,Error
intruder,baseline,717953.351560,0.221605
intruder,h0,1372762.534110,0.000000
intruder,h1,1369609.819560,0.000000
vacation,baseline,132771.765027,0.629391
vacation,h0,224446.307080,0.000000
vacation,h1,230326.924246,0.000000
genome,baseline,194735.273268,0.106688
genome,h0,190917.323961,0.000000
genome,h1,204303.904343,0.010966
