Benchmark,Heuristic,Throughput,Error
intruder,baseline,1432712.746994,0.410995
intruder,h0,2623646.145688,1.804722
intruder,h1,2691696.824926,2.235660
vacation,baseline,733643.461754,0.000000
vacation,h0,768970.079899,0.094981
vacation,h1,801616.262862,0.318914
genome,baseline,1534321.805605,0.033586
genome,h0,1530608.535084,0.286538
genome,h1,1623345.227608,0.767144
ssca2,baseline,3933764.149932,0.073207
ssca2,h0,4770106.971167,4.477048
ssca2,h1,4664206.613181,2.021233
